user_id,segment,join_date
USR_0000,casual,2023-10-30
USR_0001,churned,2023-01-12
USR_0002,churned,2023-11-14
USR_0003,at_risk,2023-03-21
USR_0004,casual,2023-08-04
USR_0005,casual,2023-12-05
USR_0006,power,2023-09-21
USR_0007,churned,2023-05-29
USR_0008,at_risk,2023-03-22
USR_0009,churned,2023-08-03
USR_0010,power,2023-07-17
USR_0011,churned,2023-07-19
USR_0012,churned,2023-01-25
USR_0013,casual,2023-03-30
USR_0014,casual,2023-09-25
USR_0015,casual,2023-05-23
USR_0016,casual,2023-02-28
USR_0017,at_risk,2023-12-31
USR_0018,casual,2023-01-26
USR_0019,casual,2023-02-16
USR_0020,at_risk,2023-10-15
USR_0021,casual,2023-09-23
USR_0022,casual,2023-01-16
USR_0023,casual,2023-07-18
USR_0024,at_risk,2023-10-09
USR_0025,churned,2023-03-27
USR_0026,casual,2023-09-07
USR_0027,at_risk,2023-09-27
USR_0028,at_risk,2023-12-01
USR_0029,power,2023-04-27
USR_0030,at_risk,2023-01-07
USR_0031,casual,2023-05-17
USR_0032,power,2023-06-25
USR_0033,churned,2023-11-24
USR_0034,churned,2023-11-11
USR_0035,churned,2023-08-03
USR_0036,casual,2023-03-23
USR_0037,power,2023-08-11
USR_0038,at_risk,2023-04-13
USR_0039,casual,2023-09-30
USR_0040,casual,2023-01-14
USR_0041,at_risk,2023-06-08
USR_0042,power,2023-06-01
USR_0043,churned,2023-04-18
USR_0044,casual,2023-07-07
USR_0045,at_risk,2023-10-28
USR_0046,casual,2023-04-08
USR_0047,at_risk,2023-05-11
USR_0048,at_risk,2023-10-20
USR_0049,casual,2023-06-20
USR_0050,churned,2023-07-02
USR_0051,churned,2023-12-30
USR_0052,churned,2023-02-08
USR_0053,churned,2023-01-15
USR_0054,at_risk,2023-01-04
USR_0055,churned,2023-12-15
USR_0056,power,2023-07-29
USR_0057,casual,2023-06-10
USR_0058,power,2023-01-16
USR_0059,casual,2023-04-18
USR_0060,casual,2023-11-07
USR_0061,casual,2023-08-15
USR_0062,churned,2023-06-19
USR_0063,casual,2023-02-03
USR_0064,casual,2023-09-08
USR_0065,at_risk,2023-09-04
USR_0066,casual,2023-09-26
USR_0067,churned,2023-05-21
USR_0068,power,2023-10-01
USR_0069,churned,2023-04-06
USR_0070,churned,2023-08-15
USR_0071,casual,2023-02-08
USR_0072,power,2023-10-29
USR_0073,churned,2023-01-29
USR_0074,churned,2023-11-14
USR_0075,churned,2023-09-02
USR_0076,churned,2023-08-24
USR_0077,power,2023-07-04
USR_0078,casual,2023-09-29
USR_0079,casual,2023-08-24
USR_0080,churned,2023-08-27
USR_0081,at_risk,2023-09-23
USR_0082,casual,2023-12-25
USR_0083,power,2023-12-06
USR_0084,casual,2023-03-06
USR_0085,casual,2023-06-26
USR_0086,churned,2023-01-03
USR_0087,at_risk,2023-05-22
USR_0088,churned,2023-06-07
USR_0089,at_risk,2023-11-20
USR_0090,casual,2023-05-26
USR_0091,churned,2023-10-20
USR_0092,churned,2023-06-02
USR_0093,at_risk,2023-07-12
USR_0094,churned,2023-03-14
USR_0095,at_risk,2023-11-01
USR_0096,at_risk,2023-12-10
USR_0097,casual,2023-05-20
USR_0098,power,2023-07-06
USR_0099,casual,2023-10-20
USR_0100,power,2023-03-02
USR_0101,at_risk,2023-07-17
USR_0102,casual,2023-10-22
USR_0103,at_risk,2023-11-15
USR_0104,churned,2023-10-29
USR_0105,casual,2023-12-10
USR_0106,casual,2023-01-11
USR_0107,churned,2023-03-03
USR_0108,casual,2023-11-29
USR_0109,power,2023-08-14
USR_0110,casual,2023-06-02
USR_0111,casual,2023-07-18
USR_0112,churned,2023-02-21
USR_0113,churned,2023-09-17
USR_0114,at_risk,2023-02-28
USR_0115,churned,2023-03-13
USR_0116,churned,2023-05-28
USR_0117,casual,2023-12-15
USR_0118,churned,2023-03-04
USR_0119,at_risk,2023-11-06
USR_0120,churned,2023-08-31
USR_0121,churned,2023-11-26
USR_0122,casual,2023-04-17
USR_0123,casual,2023-08-14
USR_0124,casual,2023-11-09
USR_0125,casual,2023-08-06
USR_0126,churned,2023-08-29
USR_0127,churned,2023-09-16
USR_0128,power,2023-09-19
USR_0129,at_risk,2023-01-05
USR_0130,casual,2023-09-18
USR_0131,casual,2023-02-23
USR_0132,casual,2023-02-16
USR_0133,casual,2023-08-03
USR_0134,churned,2023-06-26
USR_0135,casual,2023-01-09
USR_0136,at_risk,2023-04-09
USR_0137,churned,2023-01-20
USR_0138,casual,2023-08-29
USR_0139,churned,2023-03-02
USR_0140,churned,2023-06-27
USR_0141,casual,2023-12-04
USR_0142,at_risk,2023-03-03
USR_0143,casual,2023-05-25
USR_0144,casual,2023-08-04
USR_0145,power,2023-01-03
USR_0146,at_risk,2023-06-09
USR_0147,at_risk,2023-08-15
USR_0148,power,2023-09-26
USR_0149,casual,2023-04-30
USR_0150,churned,2023-03-30
USR_0151,casual,2023-11-25
USR_0152,casual,2023-03-09
USR_0153,at_risk,2023-12-23
USR_0154,churned,2023-04-08
USR_0155,casual,2023-09-24
USR_0156,at_risk,2023-04-15
USR_0157,churned,2023-11-19
USR_0158,casual,2023-05-03
USR_0159,churned,2023-01-29
USR_0160,casual,2023-05-17
USR_0161,at_risk,2023-07-14
USR_0162,at_risk,2023-08-14
USR_0163,at_risk,2023-11-28
USR_0164,power,2023-06-19
USR_0165,churned,2023-01-09
USR_0166,casual,2023-02-09
USR_0167,casual,2023-01-25
USR_0168,power,2023-09-18
USR_0169,at_risk,2023-08-14
USR_0170,at_risk,2023-05-04
USR_0171,power,2023-02-07
USR_0172,at_risk,2023-11-24
USR_0173,casual,2023-09-08
USR_0174,at_risk,2023-06-25
USR_0175,casual,2023-03-31
USR_0176,at_risk,2023-02-06
USR_0177,casual,2023-11-12
USR_0178,churned,2023-06-25
USR_0179,casual,2023-10-11
USR_0180,casual,2023-03-22
USR_0181,casual,2023-04-24
USR_0182,churned,2023-02-09
USR_0183,churned,2023-10-28
USR_0184,casual,2023-08-12
USR_0185,at_risk,2023-11-14
USR_0186,churned,2023-12-15
USR_0187,at_risk,2023-04-25
USR_0188,at_risk,2023-07-05
USR_0189,casual,2023-11-19
USR_0190,power,2023-02-25
USR_0191,churned,2023-02-09
USR_0192,churned,2023-12-20
USR_0193,at_risk,2023-02-09
USR_0194,casual,2023-12-13
USR_0195,casual,2023-08-25
USR_0196,churned,2023-10-16
USR_0197,churned,2023-09-19
USR_0198,churned,2023-08-04
USR_0199,churned,2023-05-27
USR_0200,at_risk,2023-12-02
USR_0201,power,2023-06-17
USR_0202,casual,2023-04-02
USR_0203,churned,2023-12-19
USR_0204,at_risk,2023-02-28
USR_0205,power,2023-02-28
USR_0206,casual,2023-10-31
USR_0207,at_risk,2023-06-18
USR_0208,power,2023-09-26
USR_0209,casual,2023-12-29
USR_0210,at_risk,2023-02-14
USR_0211,at_risk,2023-12-11
USR_0212,at_risk,2023-06-30
USR_0213,casual,2023-06-19
USR_0214,churned,2023-12-22
USR_0215,casual,2023-07-10
USR_0216,casual,2023-06-04
USR_0217,churned,2023-07-07
USR_0218,at_risk,2023-01-07
USR_0219,churned,2023-05-13
USR_0220,at_risk,2023-08-23
USR_0221,at_risk,2023-02-14
USR_0222,power,2023-11-10
USR_0223,casual,2023-09-06
USR_0224,casual,2023-01-31
USR_0225,casual,2023-01-23
USR_0226,churned,2023-06-09
USR_0227,casual,2023-12-29
USR_0228,churned,2023-06-07
USR_0229,at_risk,2023-02-08
USR_0230,churned,2023-03-23
USR_0231,at_risk,2023-12-22
USR_0232,at_risk,2023-09-15
USR_0233,at_risk,2023-07-25
USR_0234,casual,2023-03-18
USR_0235,churned,2023-01-12
USR_0236,casual,2023-10-22
USR_0237,power,2023-08-12
USR_0238,at_risk,2023-01-13
USR_0239,casual,2023-02-15
USR_0240,churned,2023-06-04
USR_0241,churned,2023-04-23
USR_0242,churned,2023-08-21
USR_0243,casual,2023-01-17
USR_0244,power,2023-12-26
USR_0245,churned,2023-08-11
USR_0246,casual,2023-12-20
USR_0247,churned,2023-07-07
USR_0248,churned,2023-12-10
USR_0249,churned,2023-12-31
USR_0250,casual,2023-06-12
USR_0251,casual,2023-11-22
USR_0252,churned,2023-03-15
USR_0253,casual,2023-08-21
USR_0254,casual,2023-08-12
USR_0255,at_risk,2023-11-15
USR_0256,churned,2023-03-01
USR_0257,at_risk,2023-12-01
USR_0258,at_risk,2023-08-10
USR_0259,power,2023-02-06
USR_0260,at_risk,2023-10-05
USR_0261,churned,2023-07-15
USR_0262,casual,2023-12-18
USR_0263,at_risk,2023-08-30
USR_0264,churned,2023-11-20
USR_0265,churned,2023-08-07
USR_0266,at_risk,2023-07-11
USR_0267,churned,2023-01-17
USR_0268,casual,2023-01-12
USR_0269,casual,2023-07-12
USR_0270,churned,2023-01-22
USR_0271,churned,2023-04-30
USR_0272,churned,2023-07-29
USR_0273,churned,2023-11-02
USR_0274,at_risk,2023-09-27
USR_0275,at_risk,2023-07-11
USR_0276,churned,2023-06-24
USR_0277,at_risk,2023-10-12
USR_0278,churned,2023-07-23
USR_0279,churned,2023-06-13
USR_0280,churned,2023-09-08
USR_0281,casual,2023-08-15
USR_0282,casual,2023-01-07
USR_0283,power,2023-01-29
USR_0284,at_risk,2023-02-02
USR_0285,power,2023-05-14
USR_0286,at_risk,2023-03-20
USR_0287,at_risk,2023-02-27
USR_0288,casual,2023-01-26
USR_0289,at_risk,2023-08-14
USR_0290,power,2023-10-12
USR_0291,power,2023-01-04
USR_0292,churned,2023-04-09
USR_0293,casual,2023-02-08
USR_0294,casual,2023-09-28
USR_0295,at_risk,2023-10-12
USR_0296,churned,2023-06-06
USR_0297,casual,2023-03-16
USR_0298,at_risk,2023-10-15
USR_0299,power,2023-05-10
USR_0300,power,2023-06-24
USR_0301,at_risk,2023-03-25
USR_0302,at_risk,2023-01-22
USR_0303,at_risk,2023-01-27
USR_0304,churned,2023-07-14
USR_0305,churned,2023-12-03
USR_0306,at_risk,2023-08-24
USR_0307,casual,2023-04-02
USR_0308,churned,2023-01-21
USR_0309,casual,2023-10-30
USR_0310,casual,2023-12-23
USR_0311,power,2023-03-25
USR_0312,power,2023-09-19
USR_0313,churned,2023-05-27
USR_0314,churned,2023-09-14
USR_0315,at_risk,2023-02-27
USR_0316,casual,2023-01-15
USR_0317,casual,2023-06-11
USR_0318,casual,2023-06-12
USR_0319,casual,2023-11-16
USR_0320,at_risk,2023-10-08
USR_0321,churned,2023-10-07
USR_0322,at_risk,2023-01-12
USR_0323,casual,2023-10-01
USR_0324,churned,2023-09-28
USR_0325,churned,2023-07-27
USR_0326,at_risk,2023-01-27
USR_0327,at_risk,2023-03-13
USR_0328,casual,2023-03-01
USR_0329,casual,2023-05-25
USR_0330,casual,2023-04-03
USR_0331,churned,2023-11-05
USR_0332,power,2023-01-08
USR_0333,casual,2023-03-20
USR_0334,power,2023-01-27
USR_0335,power,2023-06-23
USR_0336,churned,2023-02-19
USR_0337,churned,2023-07-18
USR_0338,at_risk,2023-12-15
USR_0339,power,2023-06-30
USR_0340,at_risk,2023-01-24
USR_0341,at_risk,2023-11-12
USR_0342,casual,2023-02-15
USR_0343,casual,2023-01-15
USR_0344,casual,2023-06-02
USR_0345,at_risk,2023-08-10
USR_0346,at_risk,2023-07-25
USR_0347,power,2023-09-30
USR_0348,casual,2023-08-24
USR_0349,at_risk,2023-12-06
USR_0350,at_risk,2023-08-16
USR_0351,churned,2023-01-09
USR_0352,at_risk,2023-06-15
USR_0353,casual,2023-11-15
USR_0354,power,2023-08-02
USR_0355,at_risk,2023-04-27
USR_0356,power,2023-12-10
USR_0357,at_risk,2023-03-13
USR_0358,churned,2023-03-05
USR_0359,at_risk,2023-07-24
USR_0360,casual,2023-07-28
USR_0361,at_risk,2023-03-13
USR_0362,at_risk,2023-10-04
USR_0363,at_risk,2023-10-01
USR_0364,churned,2023-11-16
USR_0365,casual,2023-12-04
USR_0366,churned,2023-04-05
USR_0367,churned,2023-06-15
USR_0368,casual,2023-02-01
USR_0369,power,2023-01-11
USR_0370,casual,2023-10-28
USR_0371,power,2023-08-05
USR_0372,power,2023-10-16
USR_0373,at_risk,2023-04-12
USR_0374,power,2023-09-24
USR_0375,casual,2023-08-02
USR_0376,churned,2023-06-28
USR_0377,power,2023-03-29
USR_0378,churned,2023-02-10
USR_0379,casual,2023-03-17
USR_0380,casual,2023-02-15
USR_0381,at_risk,2023-06-09
USR_0382,at_risk,2023-03-21
USR_0383,churned,2023-11-06
USR_0384,churned,2023-03-27
USR_0385,churned,2023-04-02
USR_0386,casual,2023-05-28
USR_0387,casual,2023-06-10
USR_0388,churned,2023-07-21
USR_0389,churned,2023-08-30
USR_0390,churned,2023-12-19
USR_0391,casual,2023-01-02
USR_0392,casual,2023-08-13
USR_0393,churned,2023-10-16
USR_0394,casual,2023-08-21
USR_0395,churned,2023-03-18
USR_0396,churned,2023-04-26
USR_0397,casual,2023-06-03
USR_0398,churned,2023-04-13
USR_0399,churned,2023-07-13
USR_0400,casual,2023-06-15
USR_0401,churned,2023-12-25
USR_0402,at_risk,2023-03-31
USR_0403,churned,2023-06-23
USR_0404,casual,2023-05-02
USR_0405,churned,2023-05-23
USR_0406,casual,2023-04-16
USR_0407,power,2023-11-01
USR_0408,churned,2023-12-26
USR_0409,power,2023-11-13
USR_0410,casual,2023-05-03
USR_0411,churned,2023-01-09
USR_0412,churned,2023-09-19
USR_0413,at_risk,2023-03-14
USR_0414,at_risk,2023-12-25
USR_0415,casual,2023-08-11
USR_0416,casual,2023-02-10
USR_0417,casual,2023-07-23
USR_0418,at_risk,2023-09-21
USR_0419,churned,2023-11-24
USR_0420,churned,2023-06-27
USR_0421,churned,2023-12-14
USR_0422,power,2023-11-14
USR_0423,at_risk,2023-03-25
USR_0424,power,2023-11-14
USR_0425,at_risk,2023-04-21
USR_0426,casual,2023-09-08
USR_0427,churned,2023-01-07
USR_0428,casual,2023-03-25
USR_0429,casual,2023-07-27
USR_0430,casual,2023-11-10
USR_0431,churned,2023-01-22
USR_0432,at_risk,2023-01-03
USR_0433,casual,2023-05-07
USR_0434,power,2023-10-24
USR_0435,churned,2023-07-07
USR_0436,power,2023-12-28
USR_0437,churned,2023-01-14
USR_0438,churned,2023-01-12
USR_0439,power,2023-03-28
USR_0440,power,2023-01-12
USR_0441,churned,2023-01-25
USR_0442,casual,2023-10-28
USR_0443,casual,2023-08-31
USR_0444,churned,2023-05-02
USR_0445,churned,2023-05-27
USR_0446,churned,2023-02-24
USR_0447,churned,2023-08-26
USR_0448,casual,2023-12-22
USR_0449,power,2023-06-22
USR_0450,churned,2023-08-09
USR_0451,at_risk,2023-04-29
USR_0452,casual,2023-11-05
USR_0453,churned,2023-07-02
USR_0454,casual,2023-10-15
USR_0455,at_risk,2023-11-03
USR_0456,power,2023-10-27
USR_0457,at_risk,2023-03-23
USR_0458,power,2023-07-30
USR_0459,casual,2023-05-30
USR_0460,casual,2023-02-06
USR_0461,at_risk,2023-12-18
USR_0462,churned,2023-11-08
USR_0463,at_risk,2023-12-27
USR_0464,churned,2023-02-28
USR_0465,casual,2023-05-11
USR_0466,casual,2023-07-21
USR_0467,churned,2023-08-31
USR_0468,casual,2023-02-04
USR_0469,churned,2023-04-03
USR_0470,power,2023-07-26
USR_0471,churned,2023-12-19
USR_0472,power,2023-11-28
USR_0473,churned,2023-11-01
USR_0474,at_risk,2023-12-16
USR_0475,churned,2023-08-01
USR_0476,power,2023-06-08
USR_0477,at_risk,2023-01-24
USR_0478,churned,2023-10-20
USR_0479,at_risk,2023-01-04
USR_0480,at_risk,2023-08-08
USR_0481,at_risk,2023-12-30
USR_0482,at_risk,2023-01-20
USR_0483,at_risk,2023-06-01
USR_0484,at_risk,2023-02-19
USR_0485,churned,2023-06-26
USR_0486,power,2023-04-06
USR_0487,casual,2023-04-15
USR_0488,churned,2023-09-07
USR_0489,churned,2023-04-27
USR_0490,at_risk,2023-12-20
USR_0491,at_risk,2023-08-16
USR_0492,casual,2023-03-07
USR_0493,casual,2023-12-01
USR_0494,at_risk,2023-09-19
USR_0495,casual,2023-10-22
USR_0496,at_risk,2023-08-31
USR_0497,power,2023-07-05
USR_0498,churned,2023-09-03
USR_0499,churned,2023-05-05
USR_0500,at_risk,2023-09-25
USR_0501,at_risk,2023-05-11
USR_0502,casual,2023-08-25
USR_0503,churned,2023-01-18
USR_0504,at_risk,2023-02-09
USR_0505,casual,2023-01-21
USR_0506,churned,2023-08-13
USR_0507,churned,2023-12-21
USR_0508,churned,2023-10-09
USR_0509,churned,2023-01-08
USR_0510,at_risk,2023-04-10
USR_0511,casual,2023-08-28
USR_0512,churned,2023-03-28
USR_0513,churned,2023-10-25
USR_0514,power,2023-01-14
USR_0515,power,2023-11-30
USR_0516,casual,2023-01-02
USR_0517,churned,2023-10-20
USR_0518,churned,2023-11-21
USR_0519,casual,2023-02-10
USR_0520,at_risk,2023-11-14
USR_0521,casual,2023-11-12
USR_0522,churned,2023-04-21
USR_0523,churned,2023-01-14
USR_0524,churned,2023-08-19
USR_0525,at_risk,2023-03-25
USR_0526,casual,2023-05-10
USR_0527,casual,2023-08-19
USR_0528,power,2023-11-22
USR_0529,churned,2023-05-25
USR_0530,churned,2023-12-11
USR_0531,churned,2023-01-28
USR_0532,churned,2023-03-07
USR_0533,at_risk,2023-06-12
USR_0534,churned,2023-08-17
USR_0535,churned,2023-09-18
USR_0536,churned,2023-06-13
USR_0537,casual,2023-10-28
USR_0538,at_risk,2023-10-30
USR_0539,casual,2023-10-14
USR_0540,churned,2023-01-10
USR_0541,at_risk,2023-07-14
USR_0542,casual,2023-04-28
USR_0543,at_risk,2023-09-27
USR_0544,at_risk,2023-03-21
USR_0545,casual,2023-04-03
USR_0546,casual,2023-09-23
USR_0547,at_risk,2023-11-28
USR_0548,at_risk,2023-12-16
USR_0549,churned,2023-12-27
USR_0550,at_risk,2023-09-14
USR_0551,churned,2023-05-13
USR_0552,at_risk,2023-10-03
USR_0553,at_risk,2023-09-21
USR_0554,churned,2023-06-20
USR_0555,casual,2023-01-01
USR_0556,casual,2023-11-09
USR_0557,power,2023-03-05
USR_0558,churned,2023-10-11
USR_0559,at_risk,2023-05-01
USR_0560,churned,2023-04-17
USR_0561,casual,2023-06-24
USR_0562,casual,2023-07-23
USR_0563,power,2023-06-14
USR_0564,casual,2023-11-01
USR_0565,at_risk,2023-04-30
USR_0566,casual,2023-02-13
USR_0567,casual,2023-11-08
USR_0568,churned,2023-06-05
USR_0569,casual,2023-07-26
USR_0570,at_risk,2023-04-18
USR_0571,churned,2023-09-08
USR_0572,casual,2023-11-30
USR_0573,at_risk,2023-05-10
USR_0574,churned,2023-10-20
USR_0575,churned,2023-01-20
USR_0576,casual,2023-10-09
USR_0577,churned,2023-10-12
USR_0578,at_risk,2023-01-01
USR_0579,casual,2023-04-29
USR_0580,at_risk,2023-02-04
USR_0581,churned,2023-07-17
USR_0582,at_risk,2023-09-02
USR_0583,casual,2023-02-28
USR_0584,at_risk,2023-11-21
USR_0585,casual,2023-06-10
USR_0586,power,2023-06-28
USR_0587,casual,2023-07-25
USR_0588,casual,2023-01-12
USR_0589,casual,2023-10-03
USR_0590,casual,2023-06-30
USR_0591,at_risk,2023-08-30
USR_0592,casual,2023-08-04
USR_0593,casual,2023-09-08
USR_0594,churned,2023-10-26
USR_0595,at_risk,2023-05-06
USR_0596,at_risk,2023-08-05
USR_0597,casual,2023-11-02
USR_0598,casual,2023-10-12
USR_0599,power,2023-07-04
USR_0600,casual,2023-02-08
USR_0601,casual,2023-08-11
USR_0602,casual,2023-07-03
USR_0603,power,2023-06-27
USR_0604,casual,2023-10-21
USR_0605,at_risk,2023-12-06
USR_0606,casual,2023-05-31
USR_0607,casual,2023-05-06
USR_0608,at_risk,2023-10-28
USR_0609,at_risk,2023-11-04
USR_0610,power,2023-12-02
USR_0611,churned,2023-08-22
USR_0612,at_risk,2023-01-08
USR_0613,power,2023-12-07
USR_0614,churned,2023-05-09
USR_0615,churned,2023-09-21
USR_0616,power,2023-06-06
USR_0617,casual,2023-12-18
USR_0618,churned,2023-12-24
USR_0619,churned,2023-01-05
USR_0620,casual,2023-03-27
USR_0621,casual,2023-06-24
USR_0622,casual,2023-10-17
USR_0623,at_risk,2023-07-12
USR_0624,at_risk,2023-11-07
USR_0625,casual,2023-04-29
USR_0626,at_risk,2023-08-06
USR_0627,churned,2023-04-24
USR_0628,power,2023-05-25
USR_0629,casual,2023-01-26
USR_0630,churned,2023-05-16
USR_0631,churned,2023-10-30
USR_0632,at_risk,2023-08-20
USR_0633,at_risk,2023-03-17
USR_0634,casual,2023-11-24
USR_0635,casual,2023-12-11
USR_0636,at_risk,2023-10-29
USR_0637,casual,2023-10-16
USR_0638,casual,2023-01-01
USR_0639,casual,2023-05-27
USR_0640,power,2023-10-14
USR_0641,casual,2023-05-22
USR_0642,casual,2023-02-22
USR_0643,casual,2023-10-31
USR_0644,casual,2023-03-10
USR_0645,churned,2023-12-27
USR_0646,at_risk,2023-03-31
USR_0647,at_risk,2023-08-08
USR_0648,churned,2023-07-11
USR_0649,at_risk,2023-03-04
USR_0650,power,2023-03-14
USR_0651,at_risk,2023-06-10
USR_0652,at_risk,2023-06-18
USR_0653,churned,2023-03-30
USR_0654,casual,2023-06-25
USR_0655,casual,2023-09-26
USR_0656,casual,2023-03-14
USR_0657,casual,2023-09-02
USR_0658,at_risk,2023-03-18
USR_0659,at_risk,2023-06-08
USR_0660,casual,2023-11-20
USR_0661,churned,2023-04-08
USR_0662,at_risk,2023-04-12
USR_0663,casual,2023-05-12
USR_0664,casual,2023-04-12
USR_0665,casual,2023-01-19
USR_0666,casual,2023-03-23
USR_0667,casual,2023-10-06
USR_0668,casual,2023-12-05
USR_0669,casual,2023-12-31
USR_0670,casual,2023-11-27
USR_0671,churned,2023-05-09
USR_0672,power,2023-12-10
USR_0673,at_risk,2023-11-06
USR_0674,casual,2023-03-30
USR_0675,churned,2023-08-01
USR_0676,casual,2023-05-23
USR_0677,casual,2023-03-06
USR_0678,churned,2023-03-17
USR_0679,churned,2023-07-18
USR_0680,churned,2023-05-23
USR_0681,casual,2023-11-12
USR_0682,casual,2023-04-03
USR_0683,at_risk,2023-11-01
USR_0684,churned,2023-08-12
USR_0685,at_risk,2023-10-18
USR_0686,at_risk,2023-04-12
USR_0687,casual,2023-09-24
USR_0688,churned,2023-12-21
USR_0689,casual,2023-04-20
USR_0690,casual,2023-11-26
USR_0691,casual,2023-09-22
USR_0692,at_risk,2023-01-03
USR_0693,casual,2023-03-26
USR_0694,casual,2023-10-09
USR_0695,at_risk,2023-11-24
USR_0696,casual,2023-10-31
USR_0697,at_risk,2023-04-27
USR_0698,casual,2023-08-09
USR_0699,at_risk,2023-06-03
USR_0700,at_risk,2023-06-02
USR_0701,power,2023-01-12
USR_0702,casual,2023-05-13
USR_0703,casual,2023-10-31
USR_0704,power,2023-10-20
USR_0705,churned,2023-10-27
USR_0706,casual,2023-08-16
USR_0707,churned,2023-09-28
USR_0708,casual,2023-02-12
USR_0709,at_risk,2023-12-09
USR_0710,churned,2023-11-22
USR_0711,at_risk,2023-10-29
USR_0712,at_risk,2023-12-30
USR_0713,casual,2023-01-21
USR_0714,casual,2023-04-17
USR_0715,churned,2023-12-02
USR_0716,churned,2023-10-30
USR_0717,churned,2023-04-27
USR_0718,casual,2023-05-04
USR_0719,churned,2023-10-08
USR_0720,churned,2023-10-19
USR_0721,casual,2023-07-22
USR_0722,power,2023-02-20
USR_0723,churned,2023-09-28
USR_0724,at_risk,2023-11-20
USR_0725,churned,2023-10-04
USR_0726,casual,2023-05-21
USR_0727,churned,2023-10-02
USR_0728,casual,2023-10-17
USR_0729,casual,2023-11-30
USR_0730,casual,2023-02-21
USR_0731,churned,2023-01-27
USR_0732,at_risk,2023-06-06
USR_0733,at_risk,2023-08-27
USR_0734,casual,2023-06-05
USR_0735,churned,2023-10-18
USR_0736,casual,2023-05-16
USR_0737,churned,2023-05-24
USR_0738,casual,2023-04-16
USR_0739,casual,2023-06-07
USR_0740,at_risk,2023-05-26
USR_0741,casual,2023-01-02
USR_0742,churned,2023-03-18
USR_0743,at_risk,2023-05-12
USR_0744,casual,2023-03-31
USR_0745,churned,2023-12-11
USR_0746,casual,2023-12-16
USR_0747,at_risk,2023-09-20
USR_0748,churned,2023-12-17
USR_0749,at_risk,2023-04-18
USR_0750,casual,2023-03-15
USR_0751,churned,2023-02-08
USR_0752,at_risk,2023-06-08
USR_0753,casual,2023-03-12
USR_0754,casual,2023-11-08
USR_0755,churned,2023-08-29
USR_0756,at_risk,2023-10-25
USR_0757,at_risk,2023-02-05
USR_0758,churned,2023-03-25
USR_0759,churned,2023-09-20
USR_0760,casual,2023-11-06
USR_0761,casual,2023-06-21
USR_0762,casual,2023-06-22
USR_0763,churned,2023-12-28
USR_0764,power,2023-02-16
USR_0765,at_risk,2023-05-21
USR_0766,churned,2023-04-28
USR_0767,churned,2023-10-04
USR_0768,casual,2023-08-02
USR_0769,churned,2023-08-08
USR_0770,casual,2023-01-26
USR_0771,churned,2023-01-09
USR_0772,casual,2023-09-28
USR_0773,casual,2023-01-10
USR_0774,churned,2023-05-01
USR_0775,casual,2023-05-05
USR_0776,casual,2023-06-19
USR_0777,churned,2023-03-13
USR_0778,churned,2023-06-01
USR_0779,at_risk,2023-07-27
USR_0780,at_risk,2023-02-18
USR_0781,at_risk,2023-06-03
USR_0782,casual,2023-12-13
USR_0783,casual,2023-10-20
USR_0784,casual,2023-03-09
USR_0785,churned,2023-02-19
USR_0786,at_risk,2023-06-01
USR_0787,casual,2023-01-19
USR_0788,at_risk,2023-04-10
USR_0789,churned,2023-03-01
USR_0790,casual,2023-06-16
USR_0791,at_risk,2023-07-21
USR_0792,at_risk,2023-12-11
USR_0793,at_risk,2023-05-26
USR_0794,power,2023-06-13
USR_0795,churned,2023-08-30
USR_0796,churned,2023-03-10
USR_0797,at_risk,2023-06-24
USR_0798,at_risk,2023-02-18
USR_0799,churned,2023-04-18
USR_0800,churned,2023-08-14
USR_0801,casual,2023-06-10
USR_0802,at_risk,2023-04-29
USR_0803,at_risk,2023-05-29
USR_0804,casual,2023-05-30
USR_0805,churned,2023-10-20
USR_0806,churned,2023-05-23
USR_0807,churned,2023-06-09
USR_0808,at_risk,2023-01-11
USR_0809,casual,2023-05-18
USR_0810,churned,2023-03-19
USR_0811,churned,2023-03-18
USR_0812,casual,2023-09-11
USR_0813,churned,2023-09-15
USR_0814,churned,2023-11-16
USR_0815,at_risk,2023-10-18
USR_0816,at_risk,2023-09-20
USR_0817,casual,2023-03-26
USR_0818,power,2023-05-26
USR_0819,casual,2023-11-19
USR_0820,churned,2023-02-11
USR_0821,power,2023-05-05
USR_0822,casual,2023-06-16
USR_0823,casual,2023-08-29
USR_0824,at_risk,2023-10-07
USR_0825,churned,2023-07-07
USR_0826,casual,2023-10-29
USR_0827,casual,2023-01-19
USR_0828,churned,2023-03-09
USR_0829,at_risk,2023-08-06
USR_0830,casual,2023-04-12
USR_0831,at_risk,2023-02-11
USR_0832,casual,2023-10-15
USR_0833,casual,2023-06-16
USR_0834,at_risk,2023-04-19
USR_0835,casual,2023-02-05
USR_0836,churned,2023-08-20
USR_0837,casual,2023-08-17
USR_0838,at_risk,2023-12-19
USR_0839,at_risk,2023-06-13
USR_0840,power,2023-03-14
USR_0841,at_risk,2023-05-16
USR_0842,casual,2023-12-19
USR_0843,churned,2023-03-11
USR_0844,casual,2023-07-15
USR_0845,casual,2023-09-26
USR_0846,power,2023-02-18
USR_0847,churned,2023-11-12
USR_0848,at_risk,2023-05-10
USR_0849,at_risk,2023-01-05
USR_0850,power,2023-01-27
USR_0851,churned,2023-06-09
USR_0852,casual,2023-05-29
USR_0853,churned,2023-09-21
USR_0854,casual,2023-08-18
USR_0855,casual,2023-07-19
USR_0856,power,2023-02-19
USR_0857,at_risk,2023-03-08
USR_0858,at_risk,2023-10-27
USR_0859,power,2023-02-27
USR_0860,churned,2023-09-16
USR_0861,at_risk,2023-12-08
USR_0862,at_risk,2023-11-22
USR_0863,casual,2023-05-10
USR_0864,casual,2023-08-03
USR_0865,at_risk,2023-06-21
USR_0866,casual,2023-09-15
USR_0867,casual,2023-04-12
USR_0868,churned,2023-07-28
USR_0869,churned,2023-10-18
USR_0870,casual,2023-12-20
USR_0871,casual,2023-10-13
USR_0872,at_risk,2023-04-26
USR_0873,casual,2023-09-21
USR_0874,power,2023-05-30
USR_0875,casual,2023-10-27
USR_0876,churned,2023-02-05
USR_0877,at_risk,2023-11-29
USR_0878,power,2023-10-14
USR_0879,casual,2023-10-30
USR_0880,casual,2023-11-07
USR_0881,at_risk,2023-07-27
USR_0882,power,2023-04-16
USR_0883,casual,2023-06-07
USR_0884,churned,2023-05-01
USR_0885,casual,2023-02-24
USR_0886,at_risk,2023-01-12
USR_0887,casual,2023-05-25
USR_0888,power,2023-05-16
USR_0889,casual,2023-01-03
USR_0890,churned,2023-05-24
USR_0891,churned,2023-01-30
USR_0892,churned,2023-08-25
USR_0893,casual,2023-10-06
USR_0894,at_risk,2023-12-14
USR_0895,casual,2023-04-25
USR_0896,casual,2023-04-14
USR_0897,churned,2023-04-28
USR_0898,power,2023-01-05
USR_0899,power,2023-12-26
USR_0900,casual,2023-09-05
USR_0901,power,2023-12-30
USR_0902,casual,2023-11-17
USR_0903,at_risk,2023-05-01
USR_0904,casual,2023-10-13
USR_0905,churned,2023-05-29
USR_0906,churned,2023-03-25
USR_0907,casual,2023-08-19
USR_0908,casual,2023-10-15
USR_0909,casual,2023-06-10
USR_0910,at_risk,2023-09-29
USR_0911,casual,2023-02-07
USR_0912,at_risk,2023-08-14
USR_0913,casual,2023-05-22
USR_0914,at_risk,2023-10-19
USR_0915,casual,2023-05-31
USR_0916,casual,2023-04-24
USR_0917,churned,2023-08-25
USR_0918,churned,2023-03-07
USR_0919,casual,2023-12-27
USR_0920,churned,2023-12-07
USR_0921,at_risk,2023-09-15
USR_0922,churned,2023-09-06
USR_0923,churned,2023-11-27
USR_0924,casual,2023-11-19
USR_0925,power,2023-06-29
USR_0926,casual,2023-07-09
USR_0927,at_risk,2023-06-03
USR_0928,at_risk,2023-07-15
USR_0929,casual,2023-11-07
USR_0930,casual,2023-09-19
USR_0931,churned,2023-05-23
USR_0932,churned,2023-12-08
USR_0933,at_risk,2023-11-12
USR_0934,casual,2023-04-11
USR_0935,casual,2023-09-01
USR_0936,power,2023-01-12
USR_0937,churned,2023-08-27
USR_0938,casual,2023-02-18
USR_0939,at_risk,2023-02-11
USR_0940,casual,2023-06-15
USR_0941,at_risk,2023-03-23
USR_0942,at_risk,2023-10-18
USR_0943,churned,2023-06-07
USR_0944,casual,2023-08-04
USR_0945,power,2023-06-07
USR_0946,casual,2023-05-14
USR_0947,churned,2023-03-08
USR_0948,churned,2023-12-02
USR_0949,at_risk,2023-01-07
USR_0950,at_risk,2023-01-14
USR_0951,at_risk,2023-03-14
USR_0952,casual,2023-06-12
USR_0953,churned,2023-03-07
USR_0954,casual,2023-12-13
USR_0955,casual,2023-05-10
USR_0956,at_risk,2023-07-25
USR_0957,power,2023-10-03
USR_0958,casual,2023-09-13
USR_0959,churned,2023-09-23
USR_0960,power,2023-01-25
USR_0961,at_risk,2023-10-08
USR_0962,casual,2023-09-10
USR_0963,casual,2023-11-06
USR_0964,casual,2023-10-16
USR_0965,casual,2023-06-13
USR_0966,churned,2023-04-05
USR_0967,casual,2023-09-27
USR_0968,at_risk,2023-11-17
USR_0969,at_risk,2023-04-20
USR_0970,at_risk,2023-12-02
USR_0971,churned,2023-11-06
USR_0972,churned,2023-08-26
USR_0973,casual,2023-01-25
USR_0974,power,2023-05-21
USR_0975,casual,2023-04-27
USR_0976,at_risk,2023-01-25
USR_0977,power,2023-03-20
USR_0978,at_risk,2023-03-09
USR_0979,at_risk,2023-06-22
USR_0980,casual,2023-01-12
USR_0981,churned,2023-10-15
USR_0982,casual,2023-05-08
USR_0983,power,2023-04-06
USR_0984,churned,2023-04-02
USR_0985,at_risk,2023-05-21
USR_0986,at_risk,2023-01-31
USR_0987,casual,2023-11-30
USR_0988,casual,2023-01-20
USR_0989,churned,2023-05-26
USR_0990,churned,2023-11-12
USR_0991,at_risk,2023-06-09
USR_0992,casual,2023-12-15
USR_0993,at_risk,2023-02-12
USR_0994,casual,2023-09-11
USR_0995,power,2023-05-10
USR_0996,churned,2023-03-01
USR_0997,casual,2023-05-31
USR_0998,churned,2023-10-14
USR_0999,casual,2023-01-05
